{
  "hash": "96eea44d",
  "configHash": "7307496a",
  "lockfileHash": "dffb0574",
  "browserHash": "ebe5ba9c",
  "optimized": {
    "@angular/core": {
      "src": "../../../../../node_modules/@angular/core/fesm2022/core.mjs",
      "file": "@angular_core.js",
      "fileHash": "4d1c25b2",
      "needsInterop": false
    },
    "@angular/platform-browser": {
      "src": "../../../../../node_modules/@angular/platform-browser/fesm2022/platform-browser.mjs",
      "file": "@angular_platform-browser.js",
      "fileHash": "8378b58e",
      "needsInterop": false
    },
    "@angular/router": {
      "src": "../../../../../node_modules/@angular/router/fesm2022/router.mjs",
      "file": "@angular_router.js",
      "fileHash": "4bb1303d",
      "needsInterop": false
    },
    "@angular/common": {
      "src": "../../../../../node_modules/@angular/common/fesm2022/common.mjs",
      "file": "@angular_common.js",
      "fileHash": "766d3ef8",
      "needsInterop": false
    },
    "@angular/platform-browser/animations": {
      "src": "../../../../../node_modules/@angular/platform-browser/fesm2022/animations.mjs",
      "file": "@angular_platform-browser_animations.js",
      "fileHash": "a132fe4e",
      "needsInterop": false
    }
  },
  "chunks": {
    "chunk-5I6NSXII": {
      "file": "chunk-5I6NSXII.js"
    },
    "chunk-VMLZM2P5": {
      "file": "chunk-VMLZM2P5.js"
    },
    "chunk-H4B2EABD": {
      "file": "chunk-H4B2EABD.js"
    }
  }
}